trade_id,symbol,source_symbol,signal_time,entry_time,exit_time,session,direction,entry,stop,target,exit_price,gross_r,cost_r,net_r,outcome,reason_for_entry,reason_for_exit,market_regime,setup,structure_key,gross_winner,net_winner
EURUSD-001,EURUSD,EURUSD,2025-06-27 13:05,2025-06-27 13:10,2025-06-27 13:20,NewYork,long,1.17124,1.17042,1.17288,1.17042,-1.0,3.4146,-4.4146,STOP,H1_BIAS_LONG | SESSION_OK | LIQUIDITY_SWEEP_CONFIRMED | POI_CONFIRMED | CHoCH_CONFIRMED,STOP,BULLISH|HIGH_ATR,OB+FVG,long:56:53,False,False
EURUSD-002,EURUSD,EURUSD,2025-06-30 11:50,2025-06-30 11:55,2025-06-30 13:10,NewYork,long,1.17254,1.17161,1.17441,1.17161,-1.0,3.0108,-4.0108,STOP,H1_BIAS_LONG | SESSION_OK | LIQUIDITY_SWEEP_CONFIRMED | POI_CONFIRMED | CHoCH_CONFIRMED,STOP,BULLISH|HIGH_ATR,OB+FVG,long:54:58,False,False
EURUSD-003,EURUSD,EURUSD,2025-06-30 13:25,2025-06-30 13:30,2025-06-30 15:10,NewYork,long,1.17225,1.1716,1.17356,1.1716,-1.0,4.3077,-5.3077,STOP,H1_BIAS_LONG | SESSION_OK | LIQUIDITY_SWEEP_CONFIRMED | POI_CONFIRMED | CHoCH_CONFIRMED,STOP,BULLISH|HIGH_ATR,OB+FVG,long:35:57,False,False
EURUSD-004,EURUSD,EURUSD,2025-07-01 06:00,2025-07-01 06:05,2025-07-01 08:45,London,long,1.17891,1.17816,1.18041,1.17816,-1.0,3.7333,-4.7333,STOP,H1_BIAS_LONG | SESSION_OK | LIQUIDITY_SWEEP_CONFIRMED | POI_CONFIRMED | CHoCH_CONFIRMED,STOP,BULLISH|HIGH_ATR,OB+FVG,long:39:55,False,False
EURUSD-005,EURUSD,EURUSD,2025-07-01 13:20,2025-07-01 13:25,2025-07-01 17:00,NewYork,short,1.18111,1.18239,1.17855,1.17855,2.0,2.1875,-0.1875,TARGET,H1_BIAS_SHORT | SESSION_OK | LIQUIDITY_SWEEP_CONFIRMED | POI_CONFIRMED | CHoCH_CONFIRMED,TARGET,BEARISH|HIGH_ATR,OB+FVG,short:48:57,True,False
EURUSD-006,EURUSD,EURUSD,2025-07-03 08:45,2025-07-03 08:50,2025-07-03 10:25,London,long,1.17926,1.17858,1.18062,1.18062,2.0,4.1176,-2.1176,TARGET,H1_BIAS_LONG | SESSION_OK | LIQUIDITY_SWEEP_CONFIRMED | POI_CONFIRMED | CHoCH_CONFIRMED,TARGET,BULLISH|LOW_ATR,OB+FVG,long:57:57,True,False
EURUSD-007,EURUSD,EURUSD,2025-07-07 12:55,2025-07-07 13:00,2025-07-07 13:25,NewYork,long,1.17334,1.17274,1.17454,1.17274,-1.0,4.6667,-5.6667,STOP,H1_BIAS_LONG | SESSION_OK | LIQUIDITY_SWEEP_CONFIRMED | POI_CONFIRMED | CHoCH_CONFIRMED,STOP,BULLISH|MID_ATR,OB+FVG,long:41:58,False,False
EURUSD-008,EURUSD,EURUSD,2025-07-08 14:00,2025-07-08 14:05,2025-07-08 14:55,NewYork,long,1.17318,1.17222,1.17511,1.17222,-1.0,2.9167,-3.9167,STOP,H1_BIAS_LONG | SESSION_OK | LIQUIDITY_SWEEP_CONFIRMED | POI_CONFIRMED | CHoCH_CONFIRMED,STOP,BULLISH|MID_ATR,OB+FVG,long:41:56,False,False
EURUSD-009,EURUSD,EURUSD,2025-07-10 07:40,2025-07-10 07:45,2025-07-10 09:40,London,long,1.17349,1.17295,1.17457,1.17295,-1.0,5.1852,-6.1852,STOP,H1_BIAS_LONG | SESSION_OK | LIQUIDITY_SWEEP_CONFIRMED | POI_CONFIRMED | CHoCH_CONFIRMED,STOP,BULLISH|LOW_ATR,OB+FVG,long:42:57,False,False
EURUSD-010,EURUSD,EURUSD,2025-07-14 14:55,2025-07-14 15:00,2025-07-14 16:10,NewYork,short,1.1688,1.16934,1.16772,1.16772,2.0,5.1852,-3.1852,TARGET,H1_BIAS_SHORT | SESSION_OK | LIQUIDITY_SWEEP_CONFIRMED | POI_CONFIRMED | CHoCH_CONFIRMED,TARGET,BEARISH|MID_ATR,OB+FVG,short:58:55,True,False
EURUSD-011,EURUSD,EURUSD,2025-07-17 08:35,2025-07-17 08:40,2025-07-17 09:00,London,short,1.16213,1.16255,1.16128,1.16128,2.0238,6.6667,-4.6429,TARGET,H1_BIAS_SHORT | SESSION_OK | LIQUIDITY_SWEEP_CONFIRMED | POI_CONFIRMED | CHoCH_CONFIRMED,TARGET,BEARISH|MID_ATR,OB+FVG,short:32:57,True,False
EURUSD-012,EURUSD,EURUSD,2025-07-22 12:35,2025-07-22 12:40,2025-07-22 12:45,NewYork,short,1.16947,1.17008,1.16825,1.17008,-1.0,4.5902,-5.5902,STOP,H1_BIAS_SHORT | SESSION_OK | LIQUIDITY_SWEEP_CONFIRMED | POI_CONFIRMED | CHoCH_CONFIRMED,STOP,BEARISH|LOW_ATR,OB+FVG,short:42:55,False,False
EURUSD-013,EURUSD,EURUSD,2025-07-22 14:20,2025-07-22 14:25,2025-07-22 15:00,NewYork,short,1.16988,1.17035,1.16894,1.17035,-1.0,5.9574,-6.9574,STOP,H1_BIAS_SHORT | SESSION_OK | LIQUIDITY_SWEEP_CONFIRMED | POI_CONFIRMED | CHoCH_CONFIRMED,STOP,BEARISH|LOW_ATR,OB+FVG,short:54:58,False,False
EURUSD-014,EURUSD,EURUSD,2025-07-28 06:00,2025-07-28 06:05,2025-07-28 07:40,London,long,1.17547,1.17462,1.17716,1.17462,-1.0,3.2941,-4.2941,STOP,H1_BIAS_LONG | SESSION_OK | LIQUIDITY_SWEEP_CONFIRMED | POI_CONFIRMED | CHoCH_CONFIRMED,STOP,BULLISH|MID_ATR,OB+FVG,long:48:58,False,False
EURUSD-015,EURUSD,EURUSD,2025-07-29 06:10,2025-07-29 06:15,2025-07-29 07:05,London,short,1.15924,1.15984,1.15804,1.15804,2.0,4.6667,-2.6667,TARGET,H1_BIAS_SHORT | SESSION_OK | LIQUIDITY_SWEEP_CONFIRMED | POI_CONFIRMED | CHoCH_CONFIRMED,TARGET,BEARISH|MID_ATR,OB+FVG,short:37:57,True,False
EURUSD-016,EURUSD,EURUSD,2025-08-01 07:45,2025-08-01 07:50,2025-08-01 08:25,London,short,1.14156,1.14213,1.14041,1.14213,-1.0,4.9123,-5.9123,STOP,H1_BIAS_SHORT | SESSION_OK | LIQUIDITY_SWEEP_CONFIRMED | POI_CONFIRMED | CHoCH_CONFIRMED,STOP,BEARISH|MID_ATR,OB+FVG,short:52:56,False,False
EURUSD-017,EURUSD,EURUSD,2025-08-01 09:45,2025-08-01 09:50,2025-08-01 11:40,London,short,1.14284,1.14374,1.14104,1.14104,2.0,3.1111,-1.1111,TARGET,H1_BIAS_SHORT | SESSION_OK | LIQUIDITY_SWEEP_CONFIRMED | POI_CONFIRMED | CHoCH_CONFIRMED,TARGET,BEARISH|MID_ATR,OB+FVG,short:58:57,True,False
EURUSD-018,EURUSD,EURUSD,2025-08-05 07:35,2025-08-05 07:40,2025-08-05 08:15,London,long,1.15581,1.15531,1.15681,1.15531,-1.0,5.6,-6.6,STOP,H1_BIAS_LONG | SESSION_OK | LIQUIDITY_SWEEP_CONFIRMED | POI_CONFIRMED | CHoCH_CONFIRMED,STOP,BULLISH|MID_ATR,OB+FVG,long:52:57,False,False
EURUSD-019,EURUSD,EURUSD,2025-08-06 08:15,2025-08-06 08:20,2025-08-06 08:50,London,short,1.15768,1.15797,1.1571,1.15797,-1.0,9.6552,-10.6552,STOP,H1_BIAS_SHORT | SESSION_OK | LIQUIDITY_SWEEP_CONFIRMED | POI_CONFIRMED | CHoCH_CONFIRMED,STOP,BEARISH|LOW_ATR,OB+FVG,short:58:58,False,False
EURUSD-020,EURUSD,EURUSD,2025-08-07 08:10,2025-08-07 08:15,2025-08-07 08:50,London,short,1.16692,1.16746,1.16583,1.16746,-1.0,5.1852,-6.1852,STOP,H1_BIAS_SHORT | SESSION_OK | LIQUIDITY_SWEEP_CONFIRMED | POI_CONFIRMED | CHoCH_CONFIRMED,STOP,BEARISH|MID_ATR,OB+FVG,short:34:57,False,False
EURUSD-021,EURUSD,EURUSD,2025-08-11 13:15,2025-08-11 13:20,2025-08-11 14:20,NewYork,long,1.16459,1.16374,1.16628,1.16374,-1.0,3.2941,-4.2941,STOP,H1_BIAS_LONG | SESSION_OK | LIQUIDITY_SWEEP_CONFIRMED | POI_CONFIRMED | CHoCH_CONFIRMED,STOP,BULLISH|LOW_ATR,OB+FVG,long:55:54,False,False
EURUSD-022,EURUSD,EURUSD,2025-08-14 14:15,2025-08-14 14:20,2025-08-14 15:30,NewYork,short,1.16893,1.16959,1.16761,1.16761,2.0,4.2424,-2.2424,TARGET,H1_BIAS_SHORT | SESSION_OK | LIQUIDITY_SWEEP_CONFIRMED | POI_CONFIRMED | CHoCH_CONFIRMED,TARGET,BEARISH|MID_ATR,OB+FVG,short:39:57,True,False
EURUSD-023,EURUSD,EURUSD,2025-08-15 13:35,2025-08-15 13:40,2025-08-15 14:00,NewYork,short,1.16828,1.16889,1.16707,1.16889,-1.0,4.5902,-5.5902,STOP,H1_BIAS_SHORT | SESSION_OK | LIQUIDITY_SWEEP_CONFIRMED | POI_CONFIRMED | CHoCH_CONFIRMED,STOP,BEARISH|LOW_ATR,OB+FVG,short:51:58,False,False
EURUSD-024,EURUSD,EURUSD,2025-08-20 08:00,2025-08-20 08:05,2025-08-20 08:20,London,short,1.16324,1.16363,1.16247,1.16363,-1.0,7.1795,-8.1795,STOP,H1_BIAS_SHORT | SESSION_OK | LIQUIDITY_SWEEP_CONFIRMED | POI_CONFIRMED | CHoCH_CONFIRMED,STOP,BEARISH|LOW_ATR,OB+FVG,short:49:56,False,False
EURUSD-025,EURUSD,EURUSD,2025-09-02 08:05,2025-09-02 08:10,2025-09-02 08:20,London,long,1.1696,1.16915,1.1705,1.16915,-1.0,6.2222,-7.2222,STOP,H1_BIAS_LONG | SESSION_OK | LIQUIDITY_SWEEP_CONFIRMED | POI_CONFIRMED | CHoCH_CONFIRMED,STOP,BULLISH|LOW_ATR,OB+FVG,long:45:55,False,False
EURUSD-026,EURUSD,EURUSD,2025-09-08 13:40,2025-09-08 13:45,2025-09-08 15:55,NewYork,long,1.17263,1.17203,1.17383,1.17383,2.0,4.6667,-2.6667,TARGET,H1_BIAS_LONG | SESSION_OK | LIQUIDITY_SWEEP_CONFIRMED | POI_CONFIRMED | CHoCH_CONFIRMED,TARGET,BULLISH|LOW_ATR,OB+FVG,long:51:57,True,False
EURUSD-027,EURUSD,EURUSD,2025-09-09 07:15,2025-09-09 07:20,2025-09-09 08:05,London,long,1.17671,1.17623,1.17766,1.17766,1.9792,5.8333,-3.8542,TARGET,H1_BIAS_LONG | SESSION_OK | LIQUIDITY_SWEEP_CONFIRMED | POI_CONFIRMED | CHoCH_CONFIRMED,TARGET,BULLISH|LOW_ATR,OB+FVG,long:58:55,True,False
EURUSD-028,EURUSD,EURUSD,2025-09-10 08:40,2025-09-10 08:45,2025-09-10 09:15,London,short,1.17108,1.17152,1.1702,1.17152,-1.0,6.3636,-7.3636,STOP,H1_BIAS_SHORT | SESSION_OK | LIQUIDITY_SWEEP_CONFIRMED | POI_CONFIRMED | CHoCH_CONFIRMED,STOP,BEARISH|LOW_ATR,OB+FVG,short:28:55,False,False
EURUSD-029,EURUSD,EURUSD,2025-09-19 08:30,2025-09-19 08:35,2025-09-19 08:35,London,long,1.17772,1.1773,1.17856,1.1773,-1.0,6.6667,-7.6667,STOP,H1_BIAS_LONG | SESSION_OK | LIQUIDITY_SWEEP_CONFIRMED | POI_CONFIRMED | CHoCH_CONFIRMED,STOP,BULLISH|LOW_ATR,OB+FVG,long:15:55,False,False
EURUSD-030,EURUSD,EURUSD,2025-09-23 06:45,2025-09-23 06:50,2025-09-23 07:15,London,long,1.18046,1.18004,1.18129,1.18004,-1.0,6.6667,-7.6667,STOP,H1_BIAS_LONG | SESSION_OK | LIQUIDITY_SWEEP_CONFIRMED | POI_CONFIRMED | CHoCH_CONFIRMED,STOP,BULLISH|LOW_ATR,OB+FVG,long:26:57,False,False
EURUSD-031,EURUSD,EURUSD,2025-10-02 06:00,2025-10-02 06:05,2025-10-02 09:00,London,short,1.17359,1.17397,1.17282,1.17397,-1.0,7.3684,-8.3684,STOP,H1_BIAS_SHORT | SESSION_OK | LIQUIDITY_SWEEP_CONFIRMED | POI_CONFIRMED | CHoCH_CONFIRMED,STOP,BEARISH|MID_ATR,OB+FVG,short:47:57,False,False
EURUSD-032,EURUSD,EURUSD,2025-10-06 06:50,2025-10-06 06:55,2025-10-06 09:10,London,short,1.17238,1.17299,1.17116,1.17116,2.0,4.5902,-2.5902,TARGET,H1_BIAS_SHORT | SESSION_OK | LIQUIDITY_SWEEP_CONFIRMED | POI_CONFIRMED | CHoCH_CONFIRMED,TARGET,BEARISH|MID_ATR,OB+FVG,short:56:56,True,False
EURUSD-033,EURUSD,EURUSD,2025-10-13 12:00,2025-10-13 12:05,2025-10-13 13:20,NewYork,long,1.15928,1.15824,1.16136,1.15824,-1.0,2.6923,-3.6923,STOP,H1_BIAS_LONG | SESSION_OK | LIQUIDITY_SWEEP_CONFIRMED | POI_CONFIRMED | CHoCH_CONFIRMED,STOP,BULLISH|MID_ATR,OB+FVG,long:34:58,False,False
EURUSD-034,EURUSD,EURUSD,2025-10-16 08:45,2025-10-16 08:50,2025-10-16 09:50,London,long,1.16586,1.16528,1.16701,1.16528,-1.0,4.8276,-5.8276,STOP,H1_BIAS_LONG | SESSION_OK | LIQUIDITY_SWEEP_CONFIRMED | POI_CONFIRMED | CHoCH_CONFIRMED,STOP,BULLISH|LOW_ATR,OB+FVG,long:57:56,False,False
EURUSD-035,EURUSD,EURUSD,2025-10-17 13:45,2025-10-17 13:50,2025-10-17 13:50,NewYork,long,1.17001,1.1692,1.17164,1.1692,-1.0,3.4568,-4.4568,STOP,H1_BIAS_LONG | SESSION_OK | LIQUIDITY_SWEEP_CONFIRMED | POI_CONFIRMED | CHoCH_CONFIRMED,STOP,BULLISH|MID_ATR,OB+FVG,long:56:57,False,False
EURUSD-036,EURUSD,EURUSD,2025-10-22 06:15,2025-10-22 06:20,2025-10-22 08:00,London,short,1.16058,1.16102,1.15971,1.16102,-1.0,6.3636,-7.3636,STOP,H1_BIAS_SHORT | SESSION_OK | LIQUIDITY_SWEEP_CONFIRMED | POI_CONFIRMED | CHoCH_CONFIRMED,STOP,BEARISH|LOW_ATR,OB+FVG,short:34:52,False,False
EURUSD-037,EURUSD,EURUSD,2025-10-23 11:40,2025-10-23 11:45,2025-10-23 13:55,NewYork,short,1.15979,1.16038,1.15861,1.15861,2.0,4.7458,-2.7458,TARGET,H1_BIAS_SHORT | SESSION_OK | LIQUIDITY_SWEEP_CONFIRMED | POI_CONFIRMED | CHoCH_CONFIRMED,TARGET,BEARISH|LOW_ATR,OB+FVG,short:46:56,True,False
EURUSD-038,EURUSD,EURUSD,2025-10-24 06:20,2025-10-24 06:25,2025-10-24 07:05,London,long,1.16085,1.16062,1.16131,1.16062,-1.0,12.1739,-13.1739,STOP,H1_BIAS_LONG | SESSION_OK | LIQUIDITY_SWEEP_CONFIRMED | POI_CONFIRMED | CHoCH_CONFIRMED,STOP,BULLISH|LOW_ATR,OB+FVG,long:58:58,False,False
EURUSD-039,EURUSD,EURUSD,2025-10-24 07:55,2025-10-24 08:00,2025-10-24 08:25,London,long,1.1607,1.16048,1.16114,1.16048,-1.0,12.7273,-13.7273,STOP,H1_BIAS_LONG | SESSION_OK | LIQUIDITY_SWEEP_CONFIRMED | POI_CONFIRMED | CHoCH_CONFIRMED,STOP,BULLISH|LOW_ATR,OB+FVG,long:39:57,False,False
EURUSD-040,EURUSD,EURUSD,2025-10-27 08:35,2025-10-27 08:40,2025-10-27 10:10,London,long,1.16269,1.16216,1.16374,1.16216,-1.0,5.283,-6.283,STOP,H1_BIAS_LONG | SESSION_OK | LIQUIDITY_SWEEP_CONFIRMED | POI_CONFIRMED | CHoCH_CONFIRMED,STOP,BULLISH|LOW_ATR,OB+FVG,long:52:56,False,False
EURUSD-041,EURUSD,EURUSD,2025-10-28 06:40,2025-10-28 06:45,2025-10-28 06:50,London,long,1.16577,1.16553,1.16626,1.16626,2.0417,11.6667,-9.625,TARGET,H1_BIAS_LONG | SESSION_OK | LIQUIDITY_SWEEP_CONFIRMED | POI_CONFIRMED | CHoCH_CONFIRMED,TARGET,BULLISH|LOW_ATR,OB+FVG,long:47:58,True,False
EURUSD-042,EURUSD,EURUSD,2025-10-29 14:10,2025-10-29 14:15,2025-10-29 15:40,NewYork,short,1.16425,1.16483,1.16308,1.16308,2.0172,4.8276,-2.8103,TARGET,H1_BIAS_SHORT | SESSION_OK | LIQUIDITY_SWEEP_CONFIRMED | POI_CONFIRMED | CHoCH_CONFIRMED,TARGET,BEARISH|LOW_ATR,OB+FVG,short:53:57,True,False
EURUSD-043,EURUSD,EURUSD,2025-11-03 13:15,2025-11-03 13:20,2025-11-03 15:10,NewYork,long,1.15186,1.1512,1.15318,1.1512,-1.0,4.2424,-5.2424,STOP,H1_BIAS_LONG | SESSION_OK | LIQUIDITY_SWEEP_CONFIRMED | POI_CONFIRMED | CHoCH_CONFIRMED,STOP,BULLISH|LOW_ATR,OB+FVG,long:50:56,False,False
EURUSD-044,EURUSD,EURUSD,2025-11-10 07:10,2025-11-10 07:15,2025-11-10 07:20,London,short,1.15585,1.15618,1.15519,1.15618,-1.0,8.4848,-9.4848,STOP,H1_BIAS_SHORT | SESSION_OK | LIQUIDITY_SWEEP_CONFIRMED | POI_CONFIRMED | CHoCH_CONFIRMED,STOP,BEARISH|MID_ATR,OB+FVG,short:51:55,False,False
EURUSD-045,EURUSD,EURUSD,2025-11-10 08:20,2025-11-10 08:25,2025-11-10 09:30,London,short,1.15605,1.15651,1.15513,1.15651,-1.0,6.087,-7.087,STOP,H1_BIAS_SHORT | SESSION_OK | LIQUIDITY_SWEEP_CONFIRMED | POI_CONFIRMED | CHoCH_CONFIRMED,STOP,BEARISH|MID_ATR,OB+FVG,short:37:56,False,False
EURUSD-046,EURUSD,EURUSD,2025-11-11 08:10,2025-11-11 08:15,2025-11-11 08:40,London,short,1.1561,1.15634,1.15561,1.15561,2.0417,11.6667,-9.625,TARGET,H1_BIAS_SHORT | SESSION_OK | LIQUIDITY_SWEEP_CONFIRMED | POI_CONFIRMED | CHoCH_CONFIRMED,TARGET,BEARISH|LOW_ATR,OB+FVG,short:45:57,True,False
EURUSD-047,EURUSD,EURUSD,2025-11-18 13:15,2025-11-18 13:20,2025-11-18 13:25,NewYork,long,1.15847,1.15807,1.15927,1.15807,-1.0,7.0,-8.0,STOP,H1_BIAS_LONG | SESSION_OK | LIQUIDITY_SWEEP_CONFIRMED | POI_CONFIRMED | CHoCH_CONFIRMED,STOP,BULLISH|LOW_ATR,OB+FVG,long:43:57,False,False
EURUSD-048,EURUSD,EURUSD,2025-11-18 13:30,2025-11-18 13:35,2025-11-18 15:00,NewYork,long,1.15851,1.15801,1.15951,1.15951,2.0,5.6,-3.6,TARGET,H1_BIAS_LONG | SESSION_OK | LIQUIDITY_SWEEP_CONFIRMED | POI_CONFIRMED | CHoCH_CONFIRMED,TARGET,BULLISH|LOW_ATR,OB+FVG,long:40:58,True,False
EURUSD-049,EURUSD,EURUSD,2025-11-19 08:55,2025-11-19 09:00,2025-11-19 09:30,London,short,1.1587,1.15913,1.15785,1.15913,-1.0,6.5116,-7.5116,STOP,H1_BIAS_SHORT | SESSION_OK | LIQUIDITY_SWEEP_CONFIRMED | POI_CONFIRMED | CHoCH_CONFIRMED,STOP,BEARISH|LOW_ATR,OB+FVG,short:54:57,False,False
EURUSD-050,EURUSD,EURUSD,2025-11-21 13:25,2025-11-21 13:30,2025-11-21 13:40,NewYork,long,1.15213,1.15147,1.15398,1.15147,-1.0,4.2424,-5.2424,STOP,H1_BIAS_LONG | SESSION_OK | LIQUIDITY_SWEEP_CONFIRMED | POI_CONFIRMED | CHoCH_CONFIRMED,STOP,BULLISH|LOW_ATR,OB+FVG,long:58:57,False,False
EURUSD-051,EURUSD,EURUSD,2025-11-21 14:30,2025-11-21 14:35,2025-11-21 18:05,NewYork,long,1.15166,1.14958,1.15582,1.14958,-1.0,1.3462,-2.3462,STOP,H1_BIAS_LONG | SESSION_OK | LIQUIDITY_SWEEP_CONFIRMED | POI_CONFIRMED | CHoCH_CONFIRMED,STOP,BULLISH|MID_ATR,OB+FVG,long:45:57,False,False
EURUSD-052,EURUSD,EURUSD,2025-11-25 07:55,2025-11-25 08:00,2025-11-25 09:30,London,long,1.15169,1.15116,1.15275,1.15275,2.0,5.283,-3.283,TARGET,H1_BIAS_LONG | SESSION_OK | LIQUIDITY_SWEEP_CONFIRMED | POI_CONFIRMED | CHoCH_CONFIRMED,TARGET,BULLISH|LOW_ATR,OB+FVG,long:18:54,True,False
EURUSD-053,EURUSD,EURUSD,2025-11-28 07:10,2025-11-28 07:15,2025-11-28 07:15,London,short,1.15866,1.15908,1.15783,1.15908,-1.0,6.6667,-7.6667,STOP,H1_BIAS_SHORT | SESSION_OK | LIQUIDITY_SWEEP_CONFIRMED | POI_CONFIRMED | CHoCH_CONFIRMED,STOP,BEARISH|LOW_ATR,OB+FVG,short:50:58,False,False
EURUSD-054,EURUSD,EURUSD,2025-12-01 06:25,2025-12-01 06:30,2025-12-01 07:40,London,long,1.15988,1.1595,1.16064,1.1595,-1.0,7.3684,-8.3684,STOP,H1_BIAS_LONG | SESSION_OK | LIQUIDITY_SWEEP_CONFIRMED | POI_CONFIRMED | CHoCH_CONFIRMED,STOP,BULLISH|MID_ATR,OB+FVG,long:32:57,False,False
EURUSD-055,EURUSD,EURUSD,2025-12-15 12:35,2025-12-15 12:40,2025-12-15 13:10,NewYork,short,1.17411,1.17459,1.17315,1.17459,-1.0,5.8333,-6.8333,STOP,H1_BIAS_SHORT | SESSION_OK | LIQUIDITY_SWEEP_CONFIRMED | POI_CONFIRMED | CHoCH_CONFIRMED,STOP,BEARISH|LOW_ATR,OB+FVG,short:58:56,False,False
EURUSD-056,EURUSD,EURUSD,2025-12-19 07:00,2025-12-19 07:05,2025-12-19 08:40,London,long,1.17188,1.17158,1.17249,1.17158,-1.0,9.3333,-10.3333,STOP,H1_BIAS_LONG | SESSION_OK | LIQUIDITY_SWEEP_CONFIRMED | POI_CONFIRMED | CHoCH_CONFIRMED,STOP,BULLISH|LOW_ATR,OB+FVG,long:40:56,False,False
EURUSD-057,EURUSD,EURUSD,2025-12-22 07:35,2025-12-22 07:40,2025-12-22 09:30,London,short,1.17188,1.1722,1.17124,1.1722,-1.0,8.75,-9.75,STOP,H1_BIAS_SHORT | SESSION_OK | LIQUIDITY_SWEEP_CONFIRMED | POI_CONFIRMED | CHoCH_CONFIRMED,STOP,BEARISH|LOW_ATR,OB+FVG,short:39:54,False,False
EURUSD-058,EURUSD,EURUSD,2025-12-24 13:30,2025-12-24 13:35,2025-12-24 16:35,NewYork,short,1.17921,1.17976,1.17811,1.17811,2.0,5.0909,-3.0909,TARGET,H1_BIAS_SHORT | SESSION_OK | LIQUIDITY_SWEEP_CONFIRMED | POI_CONFIRMED | CHoCH_CONFIRMED,TARGET,BEARISH|LOW_ATR,OB+FVG,short:50:56,True,False
EURUSD-059,EURUSD,EURUSD,2025-12-26 13:00,2025-12-26 13:05,2025-12-26 13:20,NewYork,short,1.17749,1.17786,1.17675,1.17786,-1.0,7.5676,-8.5676,STOP,H1_BIAS_SHORT | SESSION_OK | LIQUIDITY_SWEEP_CONFIRMED | POI_CONFIRMED | CHoCH_CONFIRMED,STOP,BEARISH|LOW_ATR,OB+FVG,short:57:54,False,False
EURUSD-060,EURUSD,EURUSD,2026-01-02 12:45,2026-01-02 12:50,2026-01-02 17:00,NewYork,long,1.17199,1.17139,1.17318,1.17318,1.9833,4.6667,-2.6833,TARGET,H1_BIAS_LONG | SESSION_OK | LIQUIDITY_SWEEP_CONFIRMED | POI_CONFIRMED | CHoCH_CONFIRMED,TARGET,BULLISH|LOW_ATR,OB+FVG,long:46:57,True,False
EURUSD-061,EURUSD,EURUSD,2026-01-06 12:35,2026-01-06 12:40,2026-01-06 13:05,NewYork,long,1.1717,1.17093,1.17323,1.17093,-1.0,3.6364,-4.6364,STOP,H1_BIAS_LONG | SESSION_OK | LIQUIDITY_SWEEP_CONFIRMED | POI_CONFIRMED | CHoCH_CONFIRMED,STOP,BULLISH|LOW_ATR,OB+FVG,long:55:58,False,False
EURUSD-062,EURUSD,EURUSD,2026-01-09 07:25,2026-01-09 07:30,2026-01-09 09:00,London,short,1.1653,1.16562,1.16466,1.16466,2.0,8.75,-6.75,TARGET,H1_BIAS_SHORT | SESSION_OK | LIQUIDITY_SWEEP_CONFIRMED | POI_CONFIRMED | CHoCH_CONFIRMED,TARGET,BEARISH|LOW_ATR,OB+FVG,short:55:57,True,False
EURUSD-063,EURUSD,EURUSD,2026-01-15 13:25,2026-01-15 13:30,2026-01-15 13:30,NewYork,short,1.1634,1.16354,1.16313,1.16354,-1.0,20.0,-21.0,STOP,H1_BIAS_SHORT | SESSION_OK | LIQUIDITY_SWEEP_CONFIRMED | POI_CONFIRMED | CHoCH_CONFIRMED,STOP,BEARISH|LOW_ATR,OB+FVG,short:37:58,False,False
EURUSD-064,EURUSD,EURUSD,2026-01-19 06:00,2026-01-19 06:05,2026-01-19 11:15,London,long,1.16262,1.16163,1.16459,1.16163,-1.0,2.8283,-3.8283,STOP,H1_BIAS_LONG | SESSION_OK | LIQUIDITY_SWEEP_CONFIRMED | POI_CONFIRMED | CHoCH_CONFIRMED,STOP,BULLISH|HIGH_ATR,OB+FVG,long:49:58,False,False
EURUSD-065,EURUSD,EURUSD,2026-01-23 06:35,2026-01-23 06:40,2026-01-23 07:20,London,long,1.1747,1.17436,1.17538,1.17538,2.0,8.2353,-6.2353,TARGET,H1_BIAS_LONG | SESSION_OK | LIQUIDITY_SWEEP_CONFIRMED | POI_CONFIRMED | CHoCH_CONFIRMED,TARGET,BULLISH|LOW_ATR,OB+FVG,long:52:58,True,False
EURUSD-066,EURUSD,EURUSD,2026-02-03 06:55,2026-02-03 07:00,2026-02-03 08:10,London,short,1.18092,1.18142,1.17992,1.18142,-1.0,5.6,-6.6,STOP,H1_BIAS_SHORT | SESSION_OK | LIQUIDITY_SWEEP_CONFIRMED | POI_CONFIRMED | CHoCH_CONFIRMED,STOP,BEARISH|MID_ATR,OB+FVG,short:40:57,False,False
EURUSD-067,EURUSD,EURUSD,2026-02-11 06:40,2026-02-11 06:45,2026-02-11 07:25,London,short,1.19081,1.19153,1.18936,1.19153,-1.0,3.8889,-4.8889,STOP,H1_BIAS_SHORT | SESSION_OK | LIQUIDITY_SWEEP_CONFIRMED | POI_CONFIRMED | CHoCH_CONFIRMED,STOP,BEARISH|MID_ATR,OB+FVG,short:49:54,False,False
EURUSD-068,EURUSD,EURUSD,2026-02-13 09:45,2026-02-13 09:50,2026-02-13 15:30,London,long,1.18567,1.18466,1.18768,1.18768,1.9901,2.7723,-0.7822,TARGET,H1_BIAS_LONG | SESSION_OK | LIQUIDITY_SWEEP_CONFIRMED | POI_CONFIRMED | CHoCH_CONFIRMED,TARGET,BULLISH|LOW_ATR,OB+FVG,long:44:57,True,False
EURUSD-069,EURUSD,EURUSD,2026-02-24 09:05,2026-02-24 09:10,2026-02-24 10:20,London,short,1.17756,1.17847,1.17574,1.17847,-1.0,3.0769,-4.0769,STOP,H1_BIAS_SHORT | SESSION_OK | LIQUIDITY_SWEEP_CONFIRMED | POI_CONFIRMED | CHoCH_CONFIRMED,STOP,BEARISH|LOW_ATR,OB+FVG,short:8:56,False,False
EURUSD-070,EURUSD,EURUSD,2026-03-06 08:45,2026-03-06 08:50,2026-03-06 10:10,London,long,1.16101,1.16057,1.16189,1.16057,-1.0,6.3636,-7.3636,STOP,H1_BIAS_LONG | SESSION_OK | LIQUIDITY_SWEEP_CONFIRMED | POI_CONFIRMED | CHoCH_CONFIRMED,STOP,BULLISH|MID_ATR,OB+FVG,long:22:58,False,False
EURUSD-071,EURUSD,EURUSD,2026-03-09 09:50,2026-03-09 09:55,2026-03-09 12:30,London,short,1.15477,1.15666,1.15098,1.15666,-1.0,1.4815,-2.4815,STOP,H1_BIAS_SHORT | SESSION_OK | LIQUIDITY_SWEEP_CONFIRMED | POI_CONFIRMED | CHoCH_CONFIRMED,STOP,BEARISH|HIGH_ATR,OB+FVG,short:14:56,False,False
EURUSD-072,EURUSD,EURUSD,2026-03-18 11:50,2026-03-18 11:55,2026-03-18 15:40,NewYork,long,1.15332,1.15172,1.15652,1.15172,-1.0,1.75,-2.75,STOP,H1_BIAS_LONG | SESSION_OK | LIQUIDITY_SWEEP_CONFIRMED | POI_CONFIRMED | CHoCH_CONFIRMED,STOP,BULLISH|LOW_ATR,OB+FVG,long:35:54,False,False
EURUSD-073,EURUSD,EURUSD,2026-03-26 08:25,2026-03-26 08:30,2026-03-26 09:10,London,short,1.15654,1.15702,1.15559,1.15559,1.9792,5.8333,-3.8542,TARGET,H1_BIAS_SHORT | SESSION_OK | LIQUIDITY_SWEEP_CONFIRMED | POI_CONFIRMED | CHoCH_CONFIRMED,TARGET,BEARISH|LOW_ATR,OB+FVG,short:22:55,True,False
EURUSD-074,EURUSD,EURUSD,2026-03-31 06:15,2026-03-31 06:20,2026-03-31 13:45,London,short,1.1471,1.14765,1.14601,1.14601,1.9818,5.0909,-3.1091,TARGET,H1_BIAS_SHORT | SESSION_OK | LIQUIDITY_SWEEP_CONFIRMED | POI_CONFIRMED | CHoCH_CONFIRMED,TARGET,BEARISH|MID_ATR,OB+FVG,short:20:57,True,False
EURUSD-075,EURUSD,EURUSD,2026-04-07 08:20,2026-04-07 08:25,2026-04-07 08:40,London,short,1.15364,1.15387,1.15319,1.15319,1.9565,12.1739,-10.2174,TARGET,H1_BIAS_SHORT | SESSION_OK | LIQUIDITY_SWEEP_CONFIRMED | POI_CONFIRMED | CHoCH_CONFIRMED,TARGET,BEARISH|LOW_ATR,OB+FVG,short:33:58,True,False
EURUSD-076,EURUSD,EURUSD,2026-04-07 12:45,2026-04-07 12:50,2026-04-07 13:25,NewYork,short,1.15646,1.15736,1.15466,1.15466,2.0,3.1111,-1.1111,TARGET,H1_BIAS_SHORT | SESSION_OK | LIQUIDITY_SWEEP_CONFIRMED | POI_CONFIRMED | CHoCH_CONFIRMED,TARGET,BEARISH|LOW_ATR,OB+FVG,short:47:56,True,False
EURUSD-077,EURUSD,EURUSD,2026-04-10 14:30,2026-04-10 14:35,2026-04-10 15:30,NewYork,short,1.17119,1.17183,1.16991,1.17183,-1.0,4.375,-5.375,STOP,H1_BIAS_SHORT | SESSION_OK | LIQUIDITY_SWEEP_CONFIRMED | POI_CONFIRMED | CHoCH_CONFIRMED,STOP,BEARISH|LOW_ATR,OB+FVG,short:46:54,False,False
EURUSD-078,EURUSD,EURUSD,2026-04-13 07:55,2026-04-13 08:00,2026-04-13 09:00,London,short,1.16862,1.16899,1.16788,1.16899,-1.0,7.5676,-8.5676,STOP,H1_BIAS_SHORT | SESSION_OK | LIQUIDITY_SWEEP_CONFIRMED | POI_CONFIRMED | CHoCH_CONFIRMED,STOP,BEARISH|MID_ATR,OB+FVG,short:30:58,False,False
EURUSD-079,EURUSD,EURUSD,2026-04-24 09:20,2026-04-24 09:25,2026-04-24 09:40,London,short,1.16787,1.16826,1.1671,1.16826,-1.0,7.1795,-8.1795,STOP,H1_BIAS_SHORT | SESSION_OK | LIQUIDITY_SWEEP_CONFIRMED | POI_CONFIRMED | CHoCH_CONFIRMED,STOP,BEARISH|LOW_ATR,OB+FVG,short:33:56,False,False
EURUSD-080,EURUSD,EURUSD,2026-04-30 11:50,2026-04-30 11:55,2026-04-30 12:30,NewYork,short,1.1681,1.16916,1.16598,1.16916,-1.0,2.6415,-3.6415,STOP,H1_BIAS_SHORT | SESSION_OK | LIQUIDITY_SWEEP_CONFIRMED | POI_CONFIRMED | CHoCH_CONFIRMED,STOP,BEARISH|LOW_ATR,OB+FVG,short:48:56,False,False
EURUSD-081,EURUSD,EURUSD,2026-04-30 14:50,2026-04-30 14:55,2026-04-30 17:50,NewYork,short,1.17057,1.17203,1.16765,1.17203,-1.0,1.9178,-2.9178,STOP,H1_BIAS_SHORT | SESSION_OK | LIQUIDITY_SWEEP_CONFIRMED | POI_CONFIRMED | CHoCH_CONFIRMED,STOP,BEARISH|MID_ATR,OB+FVG,short:31:58,False,False
EURUSD-082,EURUSD,EURUSD,2026-05-07 14:55,2026-05-07 15:00,2026-05-07 17:00,NewYork,long,1.177,1.17645,1.17809,1.17645,-1.0,5.0909,-6.0909,STOP,H1_BIAS_LONG | SESSION_OK | LIQUIDITY_SWEEP_CONFIRMED | POI_CONFIRMED | CHoCH_CONFIRMED,STOP,BULLISH|LOW_ATR,OB+FVG,long:49:57,False,False
EURUSD-083,EURUSD,EURUSD,2026-05-18 07:50,2026-05-18 07:55,2026-05-18 08:55,London,short,1.16205,1.16232,1.16139,1.16232,-1.0,10.3704,-11.3704,STOP,H1_BIAS_SHORT | SESSION_OK | LIQUIDITY_SWEEP_CONFIRMED | POI_CONFIRMED | CHoCH_CONFIRMED,STOP,BEARISH|LOW_ATR,OB+FVG,short:18:57,False,False
EURUSD-084,EURUSD,EURUSD,2026-05-25 07:40,2026-05-25 07:45,2026-05-25 10:05,London,long,1.16401,1.16371,1.16461,1.16371,-1.0,9.3333,-10.3333,STOP,H1_BIAS_LONG | SESSION_OK | LIQUIDITY_SWEEP_CONFIRMED | POI_CONFIRMED | CHoCH_CONFIRMED,STOP,BULLISH|MID_ATR,OB+FVG,long:46:58,False,False
EURUSD-085,EURUSD,EURUSD,2026-05-26 11:40,2026-05-26 11:45,2026-05-26 12:15,NewYork,short,1.16347,1.16423,1.16196,1.16423,-1.0,3.6842,-4.6842,STOP,H1_BIAS_SHORT | SESSION_OK | LIQUIDITY_SWEEP_CONFIRMED | POI_CONFIRMED | CHoCH_CONFIRMED,STOP,BEARISH|LOW_ATR,OB+FVG,short:45:55,False,False
EURUSD-086,EURUSD,EURUSD,2026-05-26 13:35,2026-05-26 13:40,2026-05-26 14:05,NewYork,short,1.16389,1.1644,1.16287,1.1644,-1.0,5.4902,-6.4902,STOP,H1_BIAS_SHORT | SESSION_OK | LIQUIDITY_SWEEP_CONFIRMED | POI_CONFIRMED | CHoCH_CONFIRMED,STOP,BEARISH|LOW_ATR,OB+FVG,short:51:57,False,False
EURUSD-087,EURUSD,EURUSD,2026-05-26 14:25,2026-05-26 14:30,2026-05-26 16:00,NewYork,short,1.16402,1.16449,1.16309,1.16309,1.9787,5.9574,-3.9787,TARGET,H1_BIAS_SHORT | SESSION_OK | LIQUIDITY_SWEEP_CONFIRMED | POI_CONFIRMED | CHoCH_CONFIRMED,TARGET,BEARISH|LOW_ATR,OB+FVG,short:41:55,True,False
EURUSD-088,EURUSD,EURUSD,2026-06-01 06:00,2026-06-01 06:05,2026-06-01 06:15,London,long,1.16482,1.16439,1.16568,1.16439,-1.0,6.5116,-7.5116,STOP,H1_BIAS_LONG | SESSION_OK | LIQUIDITY_SWEEP_CONFIRMED | POI_CONFIRMED | CHoCH_CONFIRMED,STOP,BULLISH|LOW_ATR,OB+FVG,long:41:55,False,False
EURUSD-089,EURUSD,EURUSD,2026-06-03 15:00,2026-06-03 15:05,2026-06-03 15:30,NewYork,short,1.16163,1.16231,1.16027,1.16027,2.0,4.1176,-2.1176,TARGET,H1_BIAS_SHORT | SESSION_OK | LIQUIDITY_SWEEP_CONFIRMED | POI_CONFIRMED | CHoCH_CONFIRMED,TARGET,BEARISH|LOW_ATR,OB+FVG,short:27:57,True,False
EURUSD-090,EURUSD,EURUSD,2026-06-08 12:55,2026-06-08 13:00,2026-06-08 13:30,NewYork,long,1.15126,1.15037,1.15304,1.15304,2.0,3.1461,-1.1461,TARGET,H1_BIAS_LONG | SESSION_OK | LIQUIDITY_SWEEP_CONFIRMED | POI_CONFIRMED | CHoCH_CONFIRMED,TARGET,BULLISH|MID_ATR,OB+FVG,long:44:56,True,False
EURUSD-091,EURUSD,EURUSD,2026-06-11 06:15,2026-06-11 06:20,2026-06-11 07:45,London,short,1.15456,1.15495,1.15377,1.15495,-1.0,7.1795,-8.1795,STOP,H1_BIAS_SHORT | SESSION_OK | LIQUIDITY_SWEEP_CONFIRMED | POI_CONFIRMED | CHoCH_CONFIRMED,STOP,BEARISH|LOW_ATR,OB+FVG,short:57:56,False,False
EURUSD-092,EURUSD,EURUSD,2026-06-11 08:55,2026-06-11 09:00,2026-06-11 09:45,London,short,1.15474,1.15501,1.15421,1.15421,1.963,10.3704,-8.4074,TARGET,H1_BIAS_SHORT | SESSION_OK | LIQUIDITY_SWEEP_CONFIRMED | POI_CONFIRMED | CHoCH_CONFIRMED,TARGET,BEARISH|LOW_ATR,OB+FVG,short:42:56,True,False
EURUSD-093,EURUSD,EURUSD,2026-06-12 13:20,2026-06-12 13:25,2026-06-15 00:25,NewYork,short,1.1577,1.15861,1.15588,1.15861,-1.0,3.0769,-4.0769,STOP,H1_BIAS_SHORT | SESSION_OK | LIQUIDITY_SWEEP_CONFIRMED | POI_CONFIRMED | CHoCH_CONFIRMED,STOP,BEARISH|MID_ATR,OB+FVG,short:22:56,False,False
EURUSD-094,EURUSD,EURUSD,2026-06-22 13:35,2026-06-22 13:40,2026-06-22 16:00,NewYork,short,1.1455,1.1462,1.1441,1.1441,2.0,4.0,-2.0,TARGET,H1_BIAS_SHORT | SESSION_OK | LIQUIDITY_SWEEP_CONFIRMED | POI_CONFIRMED | CHoCH_CONFIRMED,TARGET,BEARISH|LOW_ATR,OB+FVG,short:50:57,True,False
EURUSD-095,EURUSD,EURUSD,2026-06-29 12:55,2026-06-29 13:00,2026-06-29 17:20,NewYork,long,1.14033,1.13964,1.1417,1.1417,1.9855,4.058,-2.0725,TARGET,H1_BIAS_LONG | SESSION_OK | LIQUIDITY_SWEEP_CONFIRMED | POI_CONFIRMED | CHoCH_CONFIRMED,TARGET,BULLISH|LOW_ATR,OB+FVG,long:56:56,True,False
EURUSD-096,EURUSD,EURUSD,2026-07-10 09:05,2026-07-10 09:10,2026-07-10 11:00,London,long,1.14416,1.14363,1.14522,1.14363,-1.0,5.283,-6.283,STOP,H1_BIAS_LONG | SESSION_OK | LIQUIDITY_SWEEP_CONFIRMED | POI_CONFIRMED | CHoCH_CONFIRMED,STOP,BULLISH|LOW_ATR,OB+FVG,long:30:53,False,False
EURUSD-097,EURUSD,EURUSD,2026-07-17 14:40,2026-07-17 14:45,2026-07-17 15:40,NewYork,long,1.14335,1.14273,1.14459,1.14273,-1.0,4.5161,-5.5161,STOP,H1_BIAS_LONG | SESSION_OK | LIQUIDITY_SWEEP_CONFIRMED | POI_CONFIRMED | CHoCH_CONFIRMED,STOP,BULLISH|LOW_ATR,OB+FVG,long:49:55,False,False
XAUUSD-001,XAUUSD,XAUUSD-VIP,2025-06-02 13:20,2025-06-02 13:25,2025-06-02 13:40,NewYork,long,3349.82,3345.13611,3359.18779,3345.13611,-1.0,0.0006,-1.0006,STOP,H1_BIAS_LONG | SESSION_OK | LIQUIDITY_SWEEP_CONFIRMED | POI_CONFIRMED | CHoCH_CONFIRMED,STOP,BULLISH|MID_ATR,OB+FVG,long:43:57,False,False
XAUUSD-002,XAUUSD,XAUUSD-VIP,2025-06-03 08:45,2025-06-03 08:50,2025-06-03 09:40,London,long,3364.93,3357.341,3380.108,3357.341,-1.0,0.0004,-1.0004,STOP,H1_BIAS_LONG | SESSION_OK | LIQUIDITY_SWEEP_CONFIRMED | POI_CONFIRMED | CHoCH_CONFIRMED,STOP,BULLISH|LOW_ATR,OB+FVG,long:54:56,False,False
XAUUSD-003,XAUUSD,XAUUSD-VIP,2025-06-03 14:15,2025-06-03 14:20,2025-06-03 15:05,NewYork,long,3357.3,3354.64296,3362.61407,3354.64296,-1.0,0.0011,-1.0011,STOP,H1_BIAS_LONG | SESSION_OK | LIQUIDITY_SWEEP_CONFIRMED | POI_CONFIRMED | CHoCH_CONFIRMED,STOP,BULLISH|LOW_ATR,OB+FVG,long:58:57,False,False
XAUUSD-004,XAUUSD,XAUUSD-VIP,2025-06-04 09:30,2025-06-04 09:35,2025-06-04 13:45,London,long,3355.97,3350.15593,3367.59814,3350.15593,-1.0,0.0005,-1.0005,STOP,H1_BIAS_LONG | SESSION_OK | LIQUIDITY_SWEEP_CONFIRMED | POI_CONFIRMED | CHoCH_CONFIRMED,STOP,BULLISH|LOW_ATR,OB+FVG,long:57:56,False,False
XAUUSD-005,XAUUSD,XAUUSD-VIP,2025-06-05 06:20,2025-06-05 06:25,2025-06-05 07:15,London,long,3373.45,3368.01654,3384.31693,3368.01654,-1.0,0.0005,-1.0005,STOP,H1_BIAS_LONG | SESSION_OK | LIQUIDITY_SWEEP_CONFIRMED | POI_CONFIRMED | CHoCH_CONFIRMED,STOP,BULLISH|LOW_ATR,OB+FVG,long:51:57,False,False
XAUUSD-006,XAUUSD,XAUUSD-VIP,2025-06-05 09:10,2025-06-05 09:15,2025-06-05 12:20,London,long,3367.96,3360.92643,3382.02714,3382.02714,2.0,0.0004,1.9996,TARGET,H1_BIAS_LONG | SESSION_OK | LIQUIDITY_SWEEP_CONFIRMED | POI_CONFIRMED | CHoCH_CONFIRMED,TARGET,BULLISH|LOW_ATR,OB+FVG,long:36:55,True,True
XAUUSD-007,XAUUSD,XAUUSD-VIP,2025-06-09 08:00,2025-06-09 08:05,2025-06-09 08:35,London,short,3309.93,3313.37364,3303.04271,3313.37364,-1.0,0.0008,-1.0008,STOP,H1_BIAS_SHORT | SESSION_OK | LIQUIDITY_SWEEP_CONFIRMED | POI_CONFIRMED | CHoCH_CONFIRMED,STOP,BEARISH|LOW_ATR,OB+FVG,short:55:58,False,False
XAUUSD-008,XAUUSD,XAUUSD-VIP,2025-06-09 11:55,2025-06-09 12:00,2025-06-09 17:10,NewYork,short,3319.75,3325.81254,3307.62493,3325.81254,-1.0,0.0005,-1.0005,STOP,H1_BIAS_SHORT | SESSION_OK | LIQUIDITY_SWEEP_CONFIRMED | POI_CONFIRMED | CHoCH_CONFIRMED,STOP,BEARISH|LOW_ATR,OB+FVG,short:58:55,False,False
XAUUSD-009,XAUUSD,XAUUSD-VIP,2025-06-11 08:40,2025-06-11 08:45,2025-06-11 10:50,London,short,3338.47,3342.5645,3330.281,3342.5645,-1.0,0.0007,-1.0007,STOP,H1_BIAS_SHORT | SESSION_OK | LIQUIDITY_SWEEP_CONFIRMED | POI_CONFIRMED | CHoCH_CONFIRMED,STOP,BEARISH|LOW_ATR,OB+FVG,short:54:57,False,False
XAUUSD-010,XAUUSD,XAUUSD-VIP,2025-06-13 14:15,2025-06-13 14:20,2025-06-13 15:30,NewYork,long,3418.11,3412.58971,3429.15057,3429.15057,2.0,0.0005,1.9995,TARGET,H1_BIAS_LONG | SESSION_OK | LIQUIDITY_SWEEP_CONFIRMED | POI_CONFIRMED | CHoCH_CONFIRMED,TARGET,BULLISH|MID_ATR,OB+FVG,long:38:57,True,True
XAUUSD-011,XAUUSD,XAUUSD-VIP,2025-06-18 09:50,2025-06-18 09:55,2025-06-18 10:20,London,long,3384.4,3379.83454,3399.94,3379.83454,-1.0,0.0006,-1.0006,STOP,H1_BIAS_LONG | SESSION_OK | LIQUIDITY_SWEEP_CONFIRMED | POI_CONFIRMED | CHoCH_CONFIRMED,STOP,BULLISH|LOW_ATR,OB+FVG,long:50:57,False,False
XAUUSD-012,XAUUSD,XAUUSD-VIP,2025-06-20 14:00,2025-06-20 14:05,2025-06-20 14:45,NewYork,short,3354.75,3357.60111,3349.04779,3349.04779,2.0,0.001,1.999,TARGET,H1_BIAS_SHORT | SESSION_OK | LIQUIDITY_SWEEP_CONFIRMED | POI_CONFIRMED | CHoCH_CONFIRMED,TARGET,BEARISH|LOW_ATR,OB+FVG,short:29:56,True,True
XAUUSD-013,XAUUSD,XAUUSD-VIP,2025-06-25 12:55,2025-06-25 13:00,2025-06-25 14:55,NewYork,long,3325.26,3322.19057,3331.39886,3322.19057,-1.0,0.0009,-1.0009,STOP,H1_BIAS_LONG | SESSION_OK | LIQUIDITY_SWEEP_CONFIRMED | POI_CONFIRMED | CHoCH_CONFIRMED,STOP,BULLISH|LOW_ATR,OB+FVG,long:48:56,False,False
XAUUSD-014,XAUUSD,XAUUSD-VIP,2025-06-26 08:30,2025-06-26 08:35,2025-06-26 08:55,London,long,3336.8,3333.66064,3343.07871,3333.66064,-1.0,0.0009,-1.0009,STOP,H1_BIAS_LONG | SESSION_OK | LIQUIDITY_SWEEP_CONFIRMED | POI_CONFIRMED | CHoCH_CONFIRMED,STOP,BULLISH|LOW_ATR,OB+FVG,long:38:58,False,False
XAUUSD-015,XAUUSD,XAUUSD-VIP,2025-06-26 13:50,2025-06-26 13:55,2025-06-26 14:30,NewYork,long,3341.65,3338.57386,3347.80229,3338.57386,-1.0,0.0009,-1.0009,STOP,H1_BIAS_LONG | SESSION_OK | LIQUIDITY_SWEEP_CONFIRMED | POI_CONFIRMED | CHoCH_CONFIRMED,STOP,BULLISH|LOW_ATR,OB+FVG,long:49:57,False,False
XAUUSD-016,XAUUSD,XAUUSD-VIP,2025-06-30 15:00,2025-06-30 15:05,2025-06-30 19:15,NewYork,long,3281.94,3276.00554,3293.80893,3293.80893,2.0,0.0005,1.9995,TARGET,H1_BIAS_LONG | SESSION_OK | LIQUIDITY_SWEEP_CONFIRMED | POI_CONFIRMED | CHoCH_CONFIRMED,TARGET,BULLISH|LOW_ATR,OB+FVG,long:40:58,True,True
XAUUSD-017,XAUUSD,XAUUSD-VIP,2025-07-02 14:45,2025-07-02 14:50,2025-07-02 15:15,NewYork,short,3340.38,3345.45346,3330.23307,3345.45346,-1.0,0.0006,-1.0006,STOP,H1_BIAS_SHORT | SESSION_OK | LIQUIDITY_SWEEP_CONFIRMED | POI_CONFIRMED | CHoCH_CONFIRMED,STOP,BEARISH|LOW_ATR,OB+FVG,short:49:57,False,False
XAUUSD-018,XAUUSD,XAUUSD-VIP,2025-07-04 13:45,2025-07-04 13:50,2025-07-04 17:40,NewYork,long,3337.21,3331.19664,3349.23671,3331.19664,-1.0,0.0005,-1.0005,STOP,H1_BIAS_LONG | SESSION_OK | LIQUIDITY_SWEEP_CONFIRMED | POI_CONFIRMED | CHoCH_CONFIRMED,STOP,BULLISH|LOW_ATR,OB+FVG,long:58:58,False,False
XAUUSD-019,XAUUSD,XAUUSD-VIP,2025-07-07 08:05,2025-07-07 08:10,2025-07-07 10:05,London,long,3311.46,3306.63479,3321.11043,3306.63479,-1.0,0.0006,-1.0006,STOP,H1_BIAS_LONG | SESSION_OK | LIQUIDITY_SWEEP_CONFIRMED | POI_CONFIRMED | CHoCH_CONFIRMED,STOP,BULLISH|LOW_ATR,OB+FVG,long:46:58,False,False
XAUUSD-020,XAUUSD,XAUUSD-VIP,2025-07-08 13:35,2025-07-08 13:40,2025-07-08 14:40,NewYork,long,3324.87,3320.12689,3334.35621,3320.12689,-1.0,0.0006,-1.0006,STOP,H1_BIAS_LONG | SESSION_OK | LIQUIDITY_SWEEP_CONFIRMED | POI_CONFIRMED | CHoCH_CONFIRMED,STOP,BULLISH|LOW_ATR,OB+FVG,long:56:56,False,False
XAUUSD-021,XAUUSD,XAUUSD-VIP,2025-07-10 06:40,2025-07-10 06:45,2025-07-10 06:55,London,long,3319.73,3316.68686,3325.81629,3316.68686,-1.0,0.0009,-1.0009,STOP,H1_BIAS_LONG | SESSION_OK | LIQUIDITY_SWEEP_CONFIRMED | POI_CONFIRMED | CHoCH_CONFIRMED,STOP,BULLISH|LOW_ATR,OB+FVG,long:54:57,False,False
XAUUSD-022,XAUUSD,XAUUSD-VIP,2025-07-10 07:40,2025-07-10 07:45,2025-07-10 08:10,London,long,3318.45,3315.68436,3323.98129,3323.98129,2.0,0.001,1.999,TARGET,H1_BIAS_LONG | SESSION_OK | LIQUIDITY_SWEEP_CONFIRMED | POI_CONFIRMED | CHoCH_CONFIRMED,TARGET,BULLISH|LOW_ATR,OB+FVG,long:42:56,True,True
XAUUSD-023,XAUUSD,XAUUSD-VIP,2025-07-14 07:40,2025-07-14 07:45,2025-07-14 10:10,London,long,3359.66,3353.68807,3371.60386,3371.60386,2.0,0.0005,1.9995,TARGET,H1_BIAS_LONG | SESSION_OK | LIQUIDITY_SWEEP_CONFIRMED | POI_CONFIRMED | CHoCH_CONFIRMED,TARGET,BULLISH|LOW_ATR,OB+FVG,long:52:54,True,True
XAUUSD-024,XAUUSD,XAUUSD-VIP,2025-07-16 14:40,2025-07-16 14:45,2025-07-16 15:15,NewYork,long,3338.15,3334.47821,3345.49357,3334.47821,-1.0,0.0008,-1.0008,STOP,H1_BIAS_LONG | SESSION_OK | LIQUIDITY_SWEEP_CONFIRMED | POI_CONFIRMED | CHoCH_CONFIRMED,STOP,BULLISH|LOW_ATR,OB+FVG,long:30:58,False,False
XAUUSD-025,XAUUSD,XAUUSD-VIP,2025-07-29 07:45,2025-07-29 07:50,2025-07-29 11:05,London,long,3314.26,3308.71536,3325.34929,3325.34929,2.0,0.0005,1.9995,TARGET,H1_BIAS_LONG | SESSION_OK | LIQUIDITY_SWEEP_CONFIRMED | POI_CONFIRMED | CHoCH_CONFIRMED,TARGET,BULLISH|LOW_ATR,OB+FVG,long:38:55,True,True
XAUUSD-026,XAUUSD,XAUUSD-VIP,2025-07-31 12:25,2025-07-31 12:30,2025-07-31 13:50,NewYork,short,3307.36,3312.80175,3296.4765,3296.4765,2.0,0.0005,1.9995,TARGET,H1_BIAS_SHORT | SESSION_OK | LIQUIDITY_SWEEP_CONFIRMED | POI_CONFIRMED | CHoCH_CONFIRMED,TARGET,BEARISH|LOW_ATR,OB+FVG,short:58:56,True,True
XAUUSD-027,XAUUSD,XAUUSD-VIP,2025-08-05 08:50,2025-08-05 08:55,2025-08-05 09:15,London,long,3372.61,3369.75386,3378.32229,3369.75386,-1.0,0.001,-1.001,STOP,H1_BIAS_LONG | SESSION_OK | LIQUIDITY_SWEEP_CONFIRMED | POI_CONFIRMED | CHoCH_CONFIRMED,STOP,BULLISH|LOW_ATR,OB+FVG,long:35:57,False,False
XAUUSD-028,XAUUSD,XAUUSD-VIP,2025-08-14 13:40,2025-08-14 13:45,2025-08-14 15:30,NewYork,short,3354.42,3359.32796,3344.60407,3344.60407,2.0,0.0006,1.9994,TARGET,H1_BIAS_SHORT | SESSION_OK | LIQUIDITY_SWEEP_CONFIRMED | POI_CONFIRMED | CHoCH_CONFIRMED,TARGET,BEARISH|LOW_ATR,OB+FVG,short:56:57,True,True
XAUUSD-029,XAUUSD,XAUUSD-VIP,2025-08-22 14:15,2025-08-22 14:20,2025-08-22 15:30,NewYork,short,3328.56,3331.85507,3321.96986,3321.96986,2.0,0.0008,1.9992,TARGET,H1_BIAS_SHORT | SESSION_OK | LIQUIDITY_SWEEP_CONFIRMED | POI_CONFIRMED | CHoCH_CONFIRMED,TARGET,BEARISH|LOW_ATR,OB+FVG,short:48:54,True,True
XAUUSD-030,XAUUSD,XAUUSD-VIP,2025-08-27 08:20,2025-08-27 08:25,2025-08-27 10:15,London,long,3376.47,3373.84436,3382.98,3373.84436,-1.0,0.0011,-1.0011,STOP,H1_BIAS_LONG | SESSION_OK | LIQUIDITY_SWEEP_CONFIRMED | POI_CONFIRMED | CHoCH_CONFIRMED,STOP,BULLISH|LOW_ATR,OB+FVG,long:37:57,False,False
XAUUSD-031,XAUUSD,XAUUSD-VIP,2025-09-02 07:35,2025-09-02 07:40,2025-09-02 08:25,London,long,3496.78,3493.07571,3504.18857,3493.07571,-1.0,0.0008,-1.0008,STOP,H1_BIAS_LONG | SESSION_OK | LIQUIDITY_SWEEP_CONFIRMED | POI_CONFIRMED | CHoCH_CONFIRMED,STOP,BULLISH|LOW_ATR,OB+FVG,long:57:57,False,False
XAUUSD-032,XAUUSD,XAUUSD-VIP,2025-09-02 11:35,2025-09-02 11:40,2025-09-02 15:00,NewYork,long,3478.79,3471.54714,3493.27571,3493.27571,2.0,0.0004,1.9996,TARGET,H1_BIAS_LONG | SESSION_OK | LIQUIDITY_SWEEP_CONFIRMED | POI_CONFIRMED | CHoCH_CONFIRMED,TARGET,BULLISH|LOW_ATR,OB+FVG,long:53:56,True,True
XAUUSD-033,XAUUSD,XAUUSD-VIP,2025-09-04 09:00,2025-09-04 09:05,2025-09-04 09:20,London,short,3527.17,3534.09471,3513.32057,3534.09471,-1.0,0.0004,-1.0004,STOP,H1_BIAS_SHORT | SESSION_OK | LIQUIDITY_SWEEP_CONFIRMED | POI_CONFIRMED | CHoCH_CONFIRMED,STOP,BEARISH|MID_ATR,OB+FVG,short:57:55,False,False
XAUUSD-034,XAUUSD,XAUUSD-VIP,2025-09-09 11:30,2025-09-09 11:35,2025-09-09 12:15,NewYork,long,3646.45,3641.44782,3656.45436,3656.45436,2.0,0.0006,1.9994,TARGET,H1_BIAS_LONG | SESSION_OK | LIQUIDITY_SWEEP_CONFIRMED | POI_CONFIRMED | CHoCH_CONFIRMED,TARGET,BULLISH|LOW_ATR,OB+FVG,long:52:55,True,True
XAUUSD-035,XAUUSD,XAUUSD-VIP,2025-09-10 08:35,2025-09-10 08:40,2025-09-10 09:10,London,short,3641.3,3644.95407,3633.99186,3644.95407,-1.0,0.0008,-1.0008,STOP,H1_BIAS_SHORT | SESSION_OK | LIQUIDITY_SWEEP_CONFIRMED | POI_CONFIRMED | CHoCH_CONFIRMED,STOP,BEARISH|LOW_ATR,OB+FVG,short:45:57,False,False
XAUUSD-036,XAUUSD,XAUUSD-VIP,2025-09-10 14:00,2025-09-10 14:05,2025-09-10 22:30,NewYork,short,3651.01,3657.86921,3637.29157,3637.29157,2.0,0.0004,1.9996,TARGET,H1_BIAS_SHORT | SESSION_OK | LIQUIDITY_SWEEP_CONFIRMED | POI_CONFIRMED | CHoCH_CONFIRMED,TARGET,BEARISH|LOW_ATR,OB+FVG,short:34:57,True,True
XAUUSD-037,XAUUSD,XAUUSD-VIP,2025-09-16 06:10,2025-09-16 06:15,2025-09-16 09:35,London,long,3680.5,3676.98043,3687.53914,3687.53914,2.0,0.0008,1.9992,TARGET,H1_BIAS_LONG | SESSION_OK | LIQUIDITY_SWEEP_CONFIRMED | POI_CONFIRMED | CHoCH_CONFIRMED,TARGET,BULLISH|LOW_ATR,OB+FVG,long:52:56,True,True
XAUUSD-038,XAUUSD,XAUUSD-VIP,2025-09-19 08:30,2025-09-19 08:35,2025-09-19 09:20,London,short,3655.44,3659.04107,3648.23786,3648.23786,2.0,0.0008,1.9992,TARGET,H1_BIAS_SHORT | SESSION_OK | LIQUIDITY_SWEEP_CONFIRMED | POI_CONFIRMED | CHoCH_CONFIRMED,TARGET,BEARISH|LOW_ATR,OB+FVG,short:58:58,True,True
XAUUSD-039,XAUUSD,XAUUSD-VIP,2025-09-23 10:00,2025-09-23 10:05,2025-09-23 10:30,London,short,3751.16,3756.99646,3739.48707,3756.99646,-1.0,0.0005,-1.0005,STOP,H1_BIAS_SHORT | SESSION_OK | LIQUIDITY_SWEEP_CONFIRMED | POI_CONFIRMED | CHoCH_CONFIRMED,STOP,BEARISH|LOW_ATR,OB+FVG,short:23:56,False,False
XAUUSD-040,XAUUSD,XAUUSD-VIP,2025-09-30 13:20,2025-09-30 13:25,2025-09-30 16:45,NewYork,long,3807.53,3797.39846,3827.79307,3827.79307,2.0,0.0003,1.9997,TARGET,H1_BIAS_LONG | SESSION_OK | LIQUIDITY_SWEEP_CONFIRMED | POI_CONFIRMED | CHoCH_CONFIRMED,TARGET,BULLISH|MID_ATR,OB+FVG,long:52:57,True,True
XAUUSD-041,XAUUSD,XAUUSD-VIP,2025-10-01 08:05,2025-10-01 08:10,2025-10-01 09:15,London,long,3863.72,3857.15261,3876.85479,3857.15261,-1.0,0.0004,-1.0004,STOP,H1_BIAS_LONG | SESSION_OK | LIQUIDITY_SWEEP_CONFIRMED | POI_CONFIRMED | CHoCH_CONFIRMED,STOP,BULLISH|LOW_ATR,OB+FVG,long:41:53,False,False
XAUUSD-042,XAUUSD,XAUUSD-VIP,2025-10-27 09:50,2025-10-27 09:55,2025-10-27 11:20,London,short,4077.7,4084.99354,4063.11293,4063.11293,2.0,0.0004,1.9996,TARGET,H1_BIAS_SHORT | SESSION_OK | LIQUIDITY_SWEEP_CONFIRMED | POI_CONFIRMED | CHoCH_CONFIRMED,TARGET,BEARISH|HIGH_ATR,OB+FVG,short:50:58,True,True
XAUUSD-043,XAUUSD,XAUUSD-VIP,2025-10-31 07:50,2025-10-31 07:55,2025-10-31 08:05,London,long,4006.98,3998.37379,4024.19243,3998.37379,-1.0,0.0003,-1.0003,STOP,H1_BIAS_LONG | SESSION_OK | LIQUIDITY_SWEEP_CONFIRMED | POI_CONFIRMED | CHoCH_CONFIRMED,STOP,BULLISH|HIGH_ATR,OB+FVG,long:55:57,False,False
XAUUSD-044,XAUUSD,XAUUSD-VIP,2025-11-04 06:10,2025-11-04 06:15,2025-11-04 07:45,London,short,3988.7,3995.45871,3975.18257,3975.18257,2.0,0.0004,1.9996,TARGET,H1_BIAS_SHORT | SESSION_OK | LIQUIDITY_SWEEP_CONFIRMED | POI_CONFIRMED | CHoCH_CONFIRMED,TARGET,BEARISH|MID_ATR,OB+FVG,short:28:58,True,True
XAUUSD-045,XAUUSD,XAUUSD-VIP,2025-11-04 11:55,2025-11-04 12:00,2025-11-04 13:50,NewYork,short,3991.11,3999.87271,3973.58457,3999.87271,-1.0,0.0003,-1.0003,STOP,H1_BIAS_SHORT | SESSION_OK | LIQUIDITY_SWEEP_CONFIRMED | POI_CONFIRMED | CHoCH_CONFIRMED,STOP,BEARISH|MID_ATR,OB+FVG,short:26:54,False,False
XAUUSD-046,XAUUSD,XAUUSD-VIP,2025-11-05 12:45,2025-11-05 12:50,2025-11-05 12:50,NewYork,long,3967.71,3963.02139,3977.08721,3963.02139,-1.0,0.0006,-1.0006,STOP,H1_BIAS_LONG | SESSION_OK | LIQUIDITY_SWEEP_CONFIRMED | POI_CONFIRMED | CHoCH_CONFIRMED,STOP,BULLISH|MID_ATR,OB+FVG,long:51:55,False,False
XAUUSD-047,XAUUSD,XAUUSD-VIP,2025-11-11 10:00,2025-11-11 10:05,2025-11-11 16:30,London,long,4134.83,4125.51393,4153.46214,4125.51393,-1.0,0.0003,-1.0003,STOP,H1_BIAS_LONG | SESSION_OK | LIQUIDITY_SWEEP_CONFIRMED | POI_CONFIRMED | CHoCH_CONFIRMED,STOP,BULLISH|MID_ATR,OB+FVG,long:57:58,False,False
XAUUSD-048,XAUUSD,XAUUSD-VIP,2025-11-19 09:05,2025-11-19 09:10,2025-11-19 09:40,London,short,4087.19,4094.00961,4069.64,4094.00961,-1.0,0.0004,-1.0004,STOP,H1_BIAS_SHORT | SESSION_OK | LIQUIDITY_SWEEP_CONFIRMED | POI_CONFIRMED | CHoCH_CONFIRMED,STOP,BEARISH|MID_ATR,OB+FVG,short:34:58,False,False
XAUUSD-049,XAUUSD,XAUUSD-VIP,2025-11-21 12:00,2025-11-21 12:05,2025-11-21 14:30,NewYork,short,4045.55,4055.94625,4024.7575,4055.94625,-1.0,0.0003,-1.0003,STOP,H1_BIAS_SHORT | SESSION_OK | LIQUIDITY_SWEEP_CONFIRMED | POI_CONFIRMED | CHoCH_CONFIRMED,STOP,BEARISH|MID_ATR,OB+FVG,short:48:56,False,False
XAUUSD-050,XAUUSD,XAUUSD-VIP,2025-11-24 12:50,2025-11-24 12:55,2025-11-24 14:00,NewYork,short,4065.59,4072.47804,4051.81393,4072.47804,-1.0,0.0004,-1.0004,STOP,H1_BIAS_SHORT | SESSION_OK | LIQUIDITY_SWEEP_CONFIRMED | POI_CONFIRMED | CHoCH_CONFIRMED,STOP,BEARISH|MID_ATR,OB+FVG,short:47:57,False,False
XAUUSD-051,XAUUSD,XAUUSD-VIP,2025-12-05 09:50,2025-12-05 09:55,2025-12-05 14:05,London,short,4223.41,4229.54314,4211.14371,4229.54314,-1.0,0.0005,-1.0005,STOP,H1_BIAS_SHORT | SESSION_OK | LIQUIDITY_SWEEP_CONFIRMED | POI_CONFIRMED | CHoCH_CONFIRMED,STOP,BEARISH|LOW_ATR,OB+FVG,short:51:58,False,False
XAUUSD-052,XAUUSD,XAUUSD-VIP,2025-12-29 06:05,2025-12-29 06:10,2025-12-29 06:30,London,short,4509.41,4517.35193,4493.52614,4517.35193,-1.0,0.0004,-1.0004,STOP,H1_BIAS_SHORT | SESSION_OK | LIQUIDITY_SWEEP_CONFIRMED | POI_CONFIRMED | CHoCH_CONFIRMED,STOP,BEARISH|HIGH_ATR,OB+FVG,short:43:57,False,False
XAUUSD-053,XAUUSD,XAUUSD-VIP,2025-12-29 07:15,2025-12-29 07:20,2025-12-29 07:35,London,short,4512.14,4517.11579,4502.18843,4517.11579,-1.0,0.0006,-1.0006,STOP,H1_BIAS_SHORT | SESSION_OK | LIQUIDITY_SWEEP_CONFIRMED | POI_CONFIRMED | CHoCH_CONFIRMED,STOP,BEARISH|HIGH_ATR,OB+FVG,short:47:58,False,False
XAUUSD-054,XAUUSD,XAUUSD-VIP,2026-01-08 09:45,2026-01-08 09:50,2026-01-08 14:15,London,short,4429.51,4438.38271,4411.76457,4411.76457,2.0,0.0003,1.9997,TARGET,H1_BIAS_SHORT | SESSION_OK | LIQUIDITY_SWEEP_CONFIRMED | POI_CONFIRMED | CHoCH_CONFIRMED,TARGET,BEARISH|MID_ATR,OB+FVG,short:52:55,True,True
XAUUSD-055,XAUUSD,XAUUSD-VIP,2026-01-09 15:00,2026-01-09 15:05,2026-01-09 15:20,NewYork,long,4469.55,4463.11043,4482.42914,4463.11043,-1.0,0.0004,-1.0004,STOP,H1_BIAS_LONG | SESSION_OK | LIQUIDITY_SWEEP_CONFIRMED | POI_CONFIRMED | CHoCH_CONFIRMED,STOP,BULLISH|MID_ATR,OB+FVG,long:44:57,False,False
XAUUSD-056,XAUUSD,XAUUSD-VIP,2026-01-13 11:30,2026-01-13 11:35,2026-01-13 15:00,NewYork,short,4589.24,4596.05996,4575.60007,4596.05996,-1.0,0.0004,-1.0004,STOP,H1_BIAS_SHORT | SESSION_OK | LIQUIDITY_SWEEP_CONFIRMED | POI_CONFIRMED | CHoCH_CONFIRMED,STOP,BEARISH|MID_ATR,OB+FVG,short:46:54,False,False
XAUUSD-057,XAUUSD,XAUUSD-VIP,2026-01-27 06:40,2026-01-27 06:45,2026-01-27 07:45,London,short,5066.51,5076.47754,5046.57493,5076.47754,-1.0,0.0003,-1.0003,STOP,H1_BIAS_SHORT | SESSION_OK | LIQUIDITY_SWEEP_CONFIRMED | POI_CONFIRMED | CHoCH_CONFIRMED,STOP,BEARISH|HIGH_ATR,OB+FVG,short:42:56,False,False
XAUUSD-058,XAUUSD,XAUUSD-VIP,2026-01-28 13:45,2026-01-28 13:50,2026-01-28 14:05,NewYork,long,5265.36,5251.94057,5292.19886,5251.94057,-1.0,0.0002,-1.0002,STOP,H1_BIAS_LONG | SESSION_OK | LIQUIDITY_SWEEP_CONFIRMED | POI_CONFIRMED | CHoCH_CONFIRMED,STOP,BULLISH|HIGH_ATR,OB+FVG,long:45:56,False,False
XAUUSD-059,XAUUSD,XAUUSD-VIP,2026-01-30 13:45,2026-01-30 13:50,2026-01-30 13:55,NewYork,short,5096.97,5134.05664,5022.79671,5134.05664,-1.0,0.0001,-1.0001,STOP,H1_BIAS_SHORT | SESSION_OK | LIQUIDITY_SWEEP_CONFIRMED | POI_CONFIRMED | CHoCH_CONFIRMED,STOP,BEARISH|HIGH_ATR,OB+FVG,short:58:57,False,False
XAUUSD-060,XAUUSD,XAUUSD-VIP,2026-01-30 14:55,2026-01-30 15:00,2026-01-30 19:10,NewYork,short,5064.68,5141.28629,4911.46743,4911.46743,2.0,0.0,2.0,TARGET,H1_BIAS_SHORT | SESSION_OK | LIQUIDITY_SWEEP_CONFIRMED | POI_CONFIRMED | CHoCH_CONFIRMED,TARGET,BEARISH|HIGH_ATR,OB+FVG,short:48:58,True,True
XAUUSD-061,XAUUSD,XAUUSD-VIP,2026-02-02 12:30,2026-02-02 12:35,2026-02-02 13:10,NewYork,short,4685.1,4734.49775,4586.3045,4734.49775,-1.0,0.0001,-1.0001,STOP,H1_BIAS_SHORT | SESSION_OK | LIQUIDITY_SWEEP_CONFIRMED | POI_CONFIRMED | CHoCH_CONFIRMED,STOP,BEARISH|HIGH_ATR,OB+FVG,short:41:55,False,False
XAUUSD-062,XAUUSD,XAUUSD-VIP,2026-02-02 15:00,2026-02-02 15:05,2026-02-02 15:10,NewYork,short,4748.08,4798.78729,4646.66543,4798.78729,-1.0,0.0001,-1.0001,STOP,H1_BIAS_SHORT | SESSION_OK | LIQUIDITY_SWEEP_CONFIRMED | POI_CONFIRMED | CHoCH_CONFIRMED,STOP,BEARISH|HIGH_ATR,OB+FVG,short:56:58,False,False
XAUUSD-063,XAUUSD,XAUUSD-VIP,2026-02-05 08:50,2026-02-05 08:55,2026-02-05 09:25,London,short,4907.96,4933.05668,4857.76664,4933.05668,-1.0,0.0001,-1.0001,STOP,H1_BIAS_SHORT | SESSION_OK | LIQUIDITY_SWEEP_CONFIRMED | POI_CONFIRMED | CHoCH_CONFIRMED,STOP,BEARISH|HIGH_ATR,OB+FVG,short:29:57,False,False
XAUUSD-064,XAUUSD,XAUUSD-VIP,2026-02-05 09:35,2026-02-05 09:40,2026-02-05 10:15,London,short,4907.97,4942.89675,4838.1165,4942.89675,-1.0,0.0001,-1.0001,STOP,H1_BIAS_SHORT | SESSION_OK | LIQUIDITY_SWEEP_CONFIRMED | POI_CONFIRMED | CHoCH_CONFIRMED,STOP,BEARISH|HIGH_ATR,OB+FVG,short:20:57,False,False
XAUUSD-065,XAUUSD,XAUUSD-VIP,2026-02-12 06:35,2026-02-12 06:40,2026-02-12 07:00,London,long,5059.2,5053.63661,5070.32679,5070.32679,2.0,0.0005,1.9995,TARGET,H1_BIAS_LONG | SESSION_OK | LIQUIDITY_SWEEP_CONFIRMED | POI_CONFIRMED | CHoCH_CONFIRMED,TARGET,BULLISH|HIGH_ATR,OB+FVG,long:52:58,True,True
XAUUSD-066,XAUUSD,XAUUSD-VIP,2026-02-20 09:20,2026-02-20 09:25,2026-02-20 10:35,London,short,5011.91,5026.69261,4982.34479,5026.69261,-1.0,0.0002,-1.0002,STOP,H1_BIAS_SHORT | SESSION_OK | LIQUIDITY_SWEEP_CONFIRMED | POI_CONFIRMED | CHoCH_CONFIRMED,STOP,BEARISH|MID_ATR,OB+FVG,short:33:56,False,False
XAUUSD-067,XAUUSD,XAUUSD-VIP,2026-02-26 06:45,2026-02-26 06:50,2026-02-26 07:10,London,short,5191.46,5195.93793,5182.50414,5195.93793,-1.0,0.0006,-1.0006,STOP,H1_BIAS_SHORT | SESSION_OK | LIQUIDITY_SWEEP_CONFIRMED | POI_CONFIRMED | CHoCH_CONFIRMED,STOP,BEARISH|HIGH_ATR,OB+FVG,short:26:57,False,False
XAUUSD-068,XAUUSD,XAUUSD-VIP,2026-03-02 12:45,2026-03-02 12:50,2026-03-02 12:50,NewYork,long,5394.91,5385.017,5414.696,5385.017,-1.0,0.0003,-1.0003,STOP,H1_BIAS_LONG | SESSION_OK | LIQUIDITY_SWEEP_CONFIRMED | POI_CONFIRMED | CHoCH_CONFIRMED,STOP,BULLISH|HIGH_ATR,OB+FVG,long:51:54,False,False
XAUUSD-069,XAUUSD,XAUUSD-VIP,2026-03-10 08:05,2026-03-10 08:10,2026-03-10 08:55,London,long,5167.59,5162.86021,5177.04957,5177.04957,2.0,0.0006,1.9994,TARGET,H1_BIAS_LONG | SESSION_OK | LIQUIDITY_SWEEP_CONFIRMED | POI_CONFIRMED | CHoCH_CONFIRMED,TARGET,BULLISH|HIGH_ATR,OB+FVG,long:39:57,True,True
XAUUSD-070,XAUUSD,XAUUSD-VIP,2026-03-13 06:00,2026-03-13 06:05,2026-03-13 06:45,London,short,5112.16,5116.32157,5103.83686,5116.32157,-1.0,0.0007,-1.0007,STOP,H1_BIAS_SHORT | SESSION_OK | LIQUIDITY_SWEEP_CONFIRMED | POI_CONFIRMED | CHoCH_CONFIRMED,STOP,BEARISH|HIGH_ATR,OB+FVG,short:57:57,False,False
XAUUSD-071,XAUUSD,XAUUSD-VIP,2026-03-19 06:55,2026-03-19 07:00,2026-03-19 08:35,London,short,4850.79,4858.19007,4835.98986,4835.98986,2.0,0.0004,1.9996,TARGET,H1_BIAS_SHORT | SESSION_OK | LIQUIDITY_SWEEP_CONFIRMED | POI_CONFIRMED | CHoCH_CONFIRMED,TARGET,BEARISH|HIGH_ATR,OB+FVG,short:55:56,True,True
XAUUSD-072,XAUUSD,XAUUSD-VIP,2026-04-01 08:10,2026-04-01 08:15,2026-04-01 08:35,London,long,4682.78,4674.2055,4699.929,4699.929,2.0,0.0003,1.9997,TARGET,H1_BIAS_LONG | SESSION_OK | LIQUIDITY_SWEEP_CONFIRMED | POI_CONFIRMED | CHoCH_CONFIRMED,TARGET,BULLISH|HIGH_ATR,OB+FVG,long:41:57,True,True
XAUUSD-073,XAUUSD,XAUUSD-VIP,2026-04-09 06:00,2026-04-09 06:05,2026-04-09 13:20,London,short,4719.1,4733.32104,4690.65793,4733.32104,-1.0,0.0002,-1.0002,STOP,H1_BIAS_SHORT | SESSION_OK | LIQUIDITY_SWEEP_CONFIRMED | POI_CONFIRMED | CHoCH_CONFIRMED,STOP,BEARISH|HIGH_ATR,OB+FVG,short:53:55,False,False
XAUUSD-074,XAUUSD,XAUUSD-VIP,2026-04-10 09:05,2026-04-10 09:10,2026-04-10 11:45,London,short,4759.19,4769.74829,4738.07343,4738.07343,2.0,0.0003,1.9997,TARGET,H1_BIAS_SHORT | SESSION_OK | LIQUIDITY_SWEEP_CONFIRMED | POI_CONFIRMED | CHoCH_CONFIRMED,TARGET,BEARISH|MID_ATR,OB+FVG,short:56:56,True,True
XAUUSD-075,XAUUSD,XAUUSD-VIP,2026-04-13 13:45,2026-04-13 13:50,2026-04-13 14:40,NewYork,long,4721.52,4709.84793,4744.86414,4709.84793,-1.0,0.0002,-1.0002,STOP,H1_BIAS_LONG | SESSION_OK | LIQUIDITY_SWEEP_CONFIRMED | POI_CONFIRMED | CHoCH_CONFIRMED,STOP,BULLISH|HIGH_ATR,OB+FVG,long:55:54,False,False
XAUUSD-076,XAUUSD,XAUUSD-VIP,2026-04-16 11:55,2026-04-16 12:00,2026-04-16 12:30,NewYork,long,4813.71,4809.58354,4821.96293,4809.58354,-1.0,0.0007,-1.0007,STOP,H1_BIAS_LONG | SESSION_OK | LIQUIDITY_SWEEP_CONFIRMED | POI_CONFIRMED | CHoCH_CONFIRMED,STOP,BULLISH|MID_ATR,OB+FVG,long:40:57,False,False
XAUUSD-077,XAUUSD,XAUUSD-VIP,2026-04-16 13:55,2026-04-16 14:00,2026-04-16 16:50,NewYork,long,4817.15,4807.58046,4836.28907,4807.58046,-1.0,0.0003,-1.0003,STOP,H1_BIAS_LONG | SESSION_OK | LIQUIDITY_SWEEP_CONFIRMED | POI_CONFIRMED | CHoCH_CONFIRMED,STOP,BULLISH|MID_ATR,OB+FVG,long:16:56,False,False
XAUUSD-078,XAUUSD,XAUUSD-VIP,2026-04-17 14:20,2026-04-17 14:25,2026-04-17 14:45,NewYork,long,4790.73,4783.96125,4804.2675,4804.2675,2.0,0.0004,1.9996,TARGET,H1_BIAS_LONG | SESSION_OK | LIQUIDITY_SWEEP_CONFIRMED | POI_CONFIRMED | CHoCH_CONFIRMED,TARGET,BULLISH|MID_ATR,OB+FVG,long:54:58,True,True
XAUUSD-079,XAUUSD,XAUUSD-VIP,2026-04-20 06:10,2026-04-20 06:15,2026-04-20 10:00,London,short,4791.52,4798.00525,4778.5495,4798.00525,-1.0,0.0004,-1.0004,STOP,H1_BIAS_SHORT | SESSION_OK | LIQUIDITY_SWEEP_CONFIRMED | POI_CONFIRMED | CHoCH_CONFIRMED,STOP,BEARISH|HIGH_ATR,OB+FVG,short:31:56,False,False
XAUUSD-080,XAUUSD,XAUUSD-VIP,2026-04-21 08:40,2026-04-21 08:45,2026-04-21 08:50,London,long,4796.33,4785.34575,4818.2985,4785.34575,-1.0,0.0003,-1.0003,STOP,H1_BIAS_LONG | SESSION_OK | LIQUIDITY_SWEEP_CONFIRMED | POI_CONFIRMED | CHoCH_CONFIRMED,STOP,BULLISH|MID_ATR,OB+FVG,long:51:56,False,False
XAUUSD-081,XAUUSD,XAUUSD-VIP,2026-04-24 09:15,2026-04-24 09:20,2026-04-24 10:45,London,short,4678.11,4687.39514,4659.53971,4687.39514,-1.0,0.0003,-1.0003,STOP,H1_BIAS_SHORT | SESSION_OK | LIQUIDITY_SWEEP_CONFIRMED | POI_CONFIRMED | CHoCH_CONFIRMED,STOP,BEARISH|HIGH_ATR,OB+FVG,short:49:55,False,False
XAUUSD-082,XAUUSD,XAUUSD-VIP,2026-04-24 11:30,2026-04-24 11:35,2026-04-24 12:15,NewYork,short,4686.07,4695.83004,4666.54993,4695.83004,-1.0,0.0003,-1.0003,STOP,H1_BIAS_SHORT | SESSION_OK | LIQUIDITY_SWEEP_CONFIRMED | POI_CONFIRMED | CHoCH_CONFIRMED,STOP,BEARISH|MID_ATR,OB+FVG,short:57:56,False,False
XAUUSD-083,XAUUSD,XAUUSD-VIP,2026-04-24 12:30,2026-04-24 12:35,2026-04-24 14:05,NewYork,short,4682.83,4695.9305,4656.629,4695.9305,-1.0,0.0002,-1.0002,STOP,H1_BIAS_SHORT | SESSION_OK | LIQUIDITY_SWEEP_CONFIRMED | POI_CONFIRMED | CHoCH_CONFIRMED,STOP,BEARISH|MID_ATR,OB+FVG,short:54:55,False,False
XAUUSD-084,XAUUSD,XAUUSD-VIP,2026-05-05 07:00,2026-05-05 07:05,2026-05-05 07:30,London,short,4534.95,4537.89368,4529.06264,4529.06264,2.0,0.001,1.999,TARGET,H1_BIAS_SHORT | SESSION_OK | LIQUIDITY_SWEEP_CONFIRMED | POI_CONFIRMED | CHoCH_CONFIRMED,TARGET,BEARISH|MID_ATR,OB+FVG,short:53:56,True,True
XAUUSD-085,XAUUSD,XAUUSD-VIP,2026-05-07 08:00,2026-05-07 08:05,2026-05-07 09:20,London,long,4699.96,4693.96682,4711.94636,4711.94636,2.0,0.0005,1.9995,TARGET,H1_BIAS_LONG | SESSION_OK | LIQUIDITY_SWEEP_CONFIRMED | POI_CONFIRMED | CHoCH_CONFIRMED,TARGET,BULLISH|MID_ATR,OB+FVG,long:44:56,True,True
XAUUSD-086,XAUUSD,XAUUSD-VIP,2026-05-07 13:35,2026-05-07 13:40,2026-05-07 14:15,NewYork,long,4736.33,4727.31757,4754.35486,4727.31757,-1.0,0.0003,-1.0003,STOP,H1_BIAS_LONG | SESSION_OK | LIQUIDITY_SWEEP_CONFIRMED | POI_CONFIRMED | CHoCH_CONFIRMED,STOP,BULLISH|HIGH_ATR,OB+FVG,long:37:58,False,False
XAUUSD-087,XAUUSD,XAUUSD-VIP,2026-05-15 14:45,2026-05-15 14:50,2026-05-15 16:05,NewYork,short,4556.53,4566.36332,4536.86336,4536.86336,2.0,0.0003,1.9997,TARGET,H1_BIAS_SHORT | SESSION_OK | LIQUIDITY_SWEEP_CONFIRMED | POI_CONFIRMED | CHoCH_CONFIRMED,TARGET,BEARISH|HIGH_ATR,OB+FVG,short:55:54,True,True
XAUUSD-088,XAUUSD,XAUUSD-VIP,2026-05-19 06:35,2026-05-19 06:40,2026-05-19 06:45,London,long,4554.64,4545.96421,4571.99157,4545.96421,-1.0,0.0003,-1.0003,STOP,H1_BIAS_LONG | SESSION_OK | LIQUIDITY_SWEEP_CONFIRMED | POI_CONFIRMED | CHoCH_CONFIRMED,STOP,BULLISH|HIGH_ATR,OB+FVG,long:43:56,False,False
XAUUSD-089,XAUUSD,XAUUSD-VIP,2026-05-21 12:40,2026-05-21 12:45,2026-05-21 13:40,NewYork,short,4529.82,4541.81568,4505.82864,4505.82864,2.0,0.0002,1.9998,TARGET,H1_BIAS_SHORT | SESSION_OK | LIQUIDITY_SWEEP_CONFIRMED | POI_CONFIRMED | CHoCH_CONFIRMED,TARGET,BEARISH|MID_ATR,OB+FVG,short:57:54,True,True
XAUUSD-090,XAUUSD,XAUUSD-VIP,2026-05-22 11:40,2026-05-22 11:45,2026-05-22 12:45,NewYork,short,4522.42,4528.06711,4511.12579,4528.06711,-1.0,0.0005,-1.0005,STOP,H1_BIAS_SHORT | SESSION_OK | LIQUIDITY_SWEEP_CONFIRMED | POI_CONFIRMED | CHoCH_CONFIRMED,STOP,BEARISH|MID_ATR,OB+FVG,short:53:58,False,False
XAUUSD-091,XAUUSD,XAUUSD-VIP,2026-05-25 09:40,2026-05-25 09:45,2026-05-25 09:55,London,long,4556.33,4553.43368,4562.12264,4562.12264,2.0,0.001,1.999,TARGET,H1_BIAS_LONG | SESSION_OK | LIQUIDITY_SWEEP_CONFIRMED | POI_CONFIRMED | CHoCH_CONFIRMED,TARGET,BULLISH|MID_ATR,OB+FVG,long:58:56,True,True
XAUUSD-092,XAUUSD,XAUUSD-VIP,2026-05-26 14:15,2026-05-26 14:20,2026-05-26 14:35,NewYork,short,4529.94,4539.43364,4510.95271,4510.95271,2.0,0.0003,1.9997,TARGET,H1_BIAS_SHORT | SESSION_OK | LIQUIDITY_SWEEP_CONFIRMED | POI_CONFIRMED | CHoCH_CONFIRMED,TARGET,BEARISH|MID_ATR,OB+FVG,short:54:56,True,True
XAUUSD-093,XAUUSD,XAUUSD-VIP,2026-05-29 06:55,2026-05-29 07:00,2026-05-29 07:55,London,long,4501.26,4495.94614,4511.88771,4511.88771,2.0,0.0005,1.9995,TARGET,H1_BIAS_LONG | SESSION_OK | LIQUIDITY_SWEEP_CONFIRMED | POI_CONFIRMED | CHoCH_CONFIRMED,TARGET,BULLISH|MID_ATR,OB+FVG,long:42:58,True,True
XAUUSD-094,XAUUSD,XAUUSD-VIP,2026-06-01 14:55,2026-06-01 15:00,2026-06-01 16:10,NewYork,short,4505.81,4511.54436,4494.34129,4494.34129,2.0,0.0005,1.9995,TARGET,H1_BIAS_SHORT | SESSION_OK | LIQUIDITY_SWEEP_CONFIRMED | POI_CONFIRMED | CHoCH_CONFIRMED,TARGET,BEARISH|MID_ATR,OB+FVG,short:52:57,True,True
XAUUSD-095,XAUUSD,XAUUSD-VIP,2026-06-03 06:45,2026-06-03 06:50,2026-06-03 07:00,London,short,4482.87,4486.35829,4474.79,4486.35829,-1.0,0.0008,-1.0008,STOP,H1_BIAS_SHORT | SESSION_OK | LIQUIDITY_SWEEP_CONFIRMED | POI_CONFIRMED | CHoCH_CONFIRMED,STOP,BEARISH|MID_ATR,OB+FVG,short:46:57,False,False
XAUUSD-096,XAUUSD,XAUUSD-VIP,2026-06-03 07:15,2026-06-03 07:20,2026-06-03 07:55,London,short,4481.34,4487.27082,4469.47836,4469.47836,2.0,0.0005,1.9995,TARGET,H1_BIAS_SHORT | SESSION_OK | LIQUIDITY_SWEEP_CONFIRMED | POI_CONFIRMED | CHoCH_CONFIRMED,TARGET,BEARISH|MID_ATR,OB+FVG,short:54:58,True,True
XAUUSD-097,XAUUSD,XAUUSD-VIP,2026-06-09 07:10,2026-06-09 07:15,2026-06-09 08:30,London,short,4332.28,4338.76186,4319.31629,4338.76186,-1.0,0.0004,-1.0004,STOP,H1_BIAS_SHORT | SESSION_OK | LIQUIDITY_SWEEP_CONFIRMED | POI_CONFIRMED | CHoCH_CONFIRMED,STOP,BEARISH|MID_ATR,OB+FVG,short:57:58,False,False
XAUUSD-098,XAUUSD,XAUUSD-VIP,2026-06-11 11:30,2026-06-11 11:35,2026-06-11 15:30,NewYork,short,4095.3,4112.76989,4060.36021,4060.36021,2.0,0.0002,1.9998,TARGET,H1_BIAS_SHORT | SESSION_OK | LIQUIDITY_SWEEP_CONFIRMED | POI_CONFIRMED | CHoCH_CONFIRMED,TARGET,BEARISH|HIGH_ATR,OB+FVG,short:53:54,True,True
XAUUSD-099,XAUUSD,XAUUSD-VIP,2026-06-17 08:30,2026-06-17 08:35,2026-06-17 09:15,London,long,4329.84,4324.17475,4341.1705,4324.17475,-1.0,0.0005,-1.0005,STOP,H1_BIAS_LONG | SESSION_OK | LIQUIDITY_SWEEP_CONFIRMED | POI_CONFIRMED | CHoCH_CONFIRMED,STOP,BULLISH|MID_ATR,OB+FVG,long:32:57,False,False
XAUUSD-100,XAUUSD,XAUUSD-VIP,2026-06-23 13:40,2026-06-23 13:45,2026-06-23 15:10,NewYork,short,4126.49,4132.84357,4113.78286,4113.78286,2.0,0.0004,1.9996,TARGET,H1_BIAS_SHORT | SESSION_OK | LIQUIDITY_SWEEP_CONFIRMED | POI_CONFIRMED | CHoCH_CONFIRMED,TARGET,BEARISH|HIGH_ATR,OB+FVG,short:40:57,True,True
XAUUSD-101,XAUUSD,XAUUSD-VIP,2026-06-30 11:35,2026-06-30 11:40,2026-06-30 13:15,NewYork,short,4019.27,4027.04371,3984.0,4027.04371,-1.0,0.0004,-1.0004,STOP,H1_BIAS_SHORT | SESSION_OK | LIQUIDITY_SWEEP_CONFIRMED | POI_CONFIRMED | CHoCH_CONFIRMED,STOP,BEARISH|HIGH_ATR,OB+FVG,short:50:57,False,False
XAUUSD-102,XAUUSD,XAUUSD-VIP,2026-07-08 06:55,2026-07-08 07:00,2026-07-08 08:05,London,short,4123.39,4129.75629,4110.65743,4129.75629,-1.0,0.0004,-1.0004,STOP,H1_BIAS_SHORT | SESSION_OK | LIQUIDITY_SWEEP_CONFIRMED | POI_CONFIRMED | CHoCH_CONFIRMED,STOP,BEARISH|HIGH_ATR,OB+FVG,short:17:57,False,False
XAUUSD-103,XAUUSD,XAUUSD-VIP,2026-07-13 12:30,2026-07-13 12:35,2026-07-13 13:40,NewYork,short,4071.79,4075.62679,4056.06,4056.06,4.0998,0.0007,4.0991,TARGET,H1_BIAS_SHORT | SESSION_OK | LIQUIDITY_SWEEP_CONFIRMED | POI_CONFIRMED | CHoCH_CONFIRMED,TARGET,BEARISH|HIGH_ATR,OB+FVG,short:36:57,True,True
XAUUSD-104,XAUUSD,XAUUSD-VIP,2026-07-16 12:20,2026-07-16 12:25,2026-07-16 14:25,NewYork,short,4032.67,4037.81568,4022.37864,4022.37864,2.0,0.0005,1.9995,TARGET,H1_BIAS_SHORT | SESSION_OK | LIQUIDITY_SWEEP_CONFIRMED | POI_CONFIRMED | CHoCH_CONFIRMED,TARGET,BEARISH|MID_ATR,OB+FVG,short:55:57,True,True
XAUUSD-105,XAUUSD,XAUUSD-VIP,2026-07-17 06:45,2026-07-17 06:50,2026-07-17 08:05,London,short,3994.93,4003.34489,3978.10021,3978.10021,2.0,0.0003,1.9997,TARGET,H1_BIAS_SHORT | SESSION_OK | LIQUIDITY_SWEEP_CONFIRMED | POI_CONFIRMED | CHoCH_CONFIRMED,TARGET,BEARISH|HIGH_ATR,OB+FVG,short:27:57,True,True
